"Navigate","Next Tab","Ctrl+PageDown","In Dialogs and Windows","org.eclipse.ui.navigate.nextTab"
"Text Editing","Text Start","Ctrl+Home","Embedded Xtext Editor context","org.eclipse.ui.edit.text.goto.textStart"
"Text Editing","Move Lines Down","Alt+Down","Editing Text","org.eclipse.ui.edit.text.moveLineDown"
"Edit","Context Information","Ctrl+Shift+Space","In Dialogs and Windows","org.eclipse.ui.edit.text.contentAssist.contextInformation"
"SAP HANA Studio SQL Administration Console","Close All Results","Ctrl+Shift+A","SAP HANA Catalog Editor","com.sap.ndb.studio.sql.action.CloseAllResults"
"Text Editing","Duplicate Lines","Ctrl+Alt+Up","Embedded Xtext Editor context","org.eclipse.ui.edit.text.copyLineUp"
"Text Editing","To Lower Case","Ctrl+Shift+Y","Editing Text","org.eclipse.ui.edit.text.lowerCase"
"Modeler Keys","Copy Element  in Output pane","Ctrl+C","Output Pane","com.sap.ndb.studio.bi.uibindings.command.copyElement"
"Editing","Format","Ctrl+Shift+F","Editing Xtext Source","org.eclipse.xtext.ui.FormatAction"
"Source","Toggle Ant Mark Occurrences","Alt+Shift+O","Editing Ant Buildfiles","org.eclipse.ant.ui.toggleMarkOccurrences"
"Navigate","Open Type in Hierarchy","F4","Editing Xtext Source","org.eclipse.xtext.xbase.ui.hierarchy.OpenTypeHierarchy"
"Text Editing","Scroll Line Down","Ctrl+Down","Editing Text","org.eclipse.ui.edit.text.scroll.lineDown"
"Text Editing","Delete to End of Line","Ctrl+Shift+Delete","Embedded Xtext Editor context","org.eclipse.ui.edit.text.delete.line.to.end"
"Authorization Commands","Refresh","F5","Authorization Editor","com.sap.ndb.studio.authorization.action.RefreshPrincipal"
"Run/Debug","Debug Ant Build","Alt+Shift+D, Q","In Windows","org.eclipse.ant.ui.antShortcut.debug"
"Text Editing","Scroll Line Down","Ctrl+Down","Embedded Xtext Editor context","org.eclipse.ui.edit.text.scroll.lineDown"
"SAP HANA Studio SQL Administration Console","Find Table","Ctrl+Shift+T","Navigator","com.sap.ndb.studio.sql.command.findtable2"
"File","New menu","Alt+Shift+N","In Windows","org.eclipse.ui.file.newQuickMenu"
"Navigate","Go to Line","Ctrl+L","Editing Text","org.eclipse.ui.edit.text.goto.line"
"Text Editing","Move Lines Down","Alt+Down","Embedded Xtext Editor context","org.eclipse.ui.edit.text.moveLineDown"
"Source","Rename In File","Alt+Shift+R","Editing Ant Buildfiles","org.eclipse.ant.ui.renameInFile"
"Window","Previous Perspective","Ctrl+Shift+F8","In Windows","org.eclipse.ui.window.previousPerspective"
"File","Save All","Ctrl+Shift+S","In Windows","org.eclipse.ui.file.saveAll"
"Run/Debug","Debug OSGi Framework","Alt+Shift+D, O","In Windows","org.eclipse.pde.ui.EquinoxLaunchShortcut.debug"
"Text Editing","Toggle Overwrite","Insert","Editing Text","org.eclipse.ui.edit.text.toggleOverwrite"
"Run/Debug","Next Page of Memory","Ctrl+Shift+.","In Table Memory Rendering","org.eclipse.debug.ui.command.nextpage"
"Source","Quick Assist - Assign to field","Ctrl+2, F","Editing Java Source","org.eclipse.jdt.ui.correction.assignToField.assist"
"Editing","Select Next Element","Alt+Shift+Right","Editing Xtext Source","org.eclipse.xtext.ui.editor.select.next"
"Edit","Restore Last Selection","Alt+Shift+Down","Editing in Structured Text Editors","org.eclipse.wst.sse.ui.structure.select.last"
"Views","Show View (Outline)","Alt+Shift+Q, O","In Windows","org.eclipse.ui.views.showView"
"Run/Debug","Run","Ctrl+F11","In Windows","org.eclipse.debug.ui.commands.RunLast"
"Edit","Find Previous","Ctrl+Shift+K","In Windows","org.eclipse.ui.edit.findPrevious"
"Edit","Find Next","Ctrl+K","Embedded Xtext Editor context","org.eclipse.ui.edit.findNext"
"Refactor - Java","Inline","Alt+Shift+I","In Windows","org.eclipse.jdt.ui.edit.text.java.inline"
"Refactor - Java","Extract Method","Alt+Shift+M","In Windows","org.eclipse.jdt.ui.edit.text.java.extract.method"
"Edit","Incremental Find","Ctrl+J","Editing Text","org.eclipse.ui.edit.findIncremental"
"Editing","Go to Matching Bracket","Ctrl+Shift+P","Editing Xtext Source","org.eclipse.xtext.ui.GotToMatchingBracketAction"
"Navigate","Show In...","Alt+Shift+W","In Windows","org.eclipse.ui.navigate.showInQuickMenu"
"Source","Remove Occurrence Annotations","Alt+Shift+U","Editing JavaScript Source","org.eclipse.wst.jsdt.ui.edit.text.remove.occurrence.annotations"
"JET Source Actions","Format","Ctrl+Shift+F","Editing JET Source","org.eclipse.codegen.ui.jet.format"
"Edit","Incremental Find Reverse","Ctrl+Shift+J","Embedded Xtext Editor context","org.eclipse.ui.edit.findIncrementalReverse"
"Uncategorized","Add Artifact to Target Platform","Ctrl+Alt+Shift+A","In Windows","org.eclipse.pde.ui.searchTargetRepositories"
"File","Close","Ctrl+F4","In Windows","org.eclipse.ui.file.close"
"Navigate","Go to Previous Member","Ctrl+Shift+Up","Editing JavaScript Source","org.eclipse.wst.jsdt.ui.edit.text.java.goto.previous.member"
"SAP HANA Database Administration","Refresh","F5","Administration Editor","com.sap.ndb.studio.admin.refresh"
"Run/Debug","Run OSGi Framework","Alt+Shift+X, O","In Windows","org.eclipse.pde.ui.EquinoxLaunchShortcut.run"
"Modeler Navigator","New...","Ctrl+N","Navigator","com.sap.ndb.studio.modeler.actions.new"
"SAP HANA Database Administration","Refresh Merged Trace","F5","Merged Trace Editor","com.sap.ndb.studio.admin.command.refreshmergedtrace"
"Run/Debug","Run on Server","Alt+Shift+X, R","In Windows","org.eclipse.wst.server.launchShortcut.run"
"Refactor - Java","Rename - Refactoring ","Alt+Shift+R","Editing Java Source","org.eclipse.jdt.ui.edit.text.java.rename.element"
"Run/Debug","Debug JUnit Plug-in Test","Alt+Shift+D, P","In Windows","org.eclipse.pde.ui.junitWorkbenchShortcut.debug"
"Edit","Select Next Element","Alt+Shift+Right","Editing JET Source","org.eclipse.jdt.ui.edit.text.java.select.next"
"Window","Next Editor","Ctrl+F6","In Windows","org.eclipse.ui.window.nextEditor"
"Edit","Remove Block Comment","Ctrl+Shift+\","Editing in Structured Text Editors","org.eclipse.wst.sse.ui.remove.block.comment"
"Navigate","Open from Clipboard","Ctrl+Shift+V","In Windows","org.eclipse.jdt.debug.ui.command.OpenFromClipboard"
"Window","Show System Menu","Alt+-","In Windows","org.eclipse.ui.window.showSystemMenu"
"Text Editing","Scroll Line Up","Ctrl+Up","Editing Text","org.eclipse.ui.edit.text.scroll.lineUp"
"Run/Debug","Go to Address","Ctrl+G","In Table Memory Rendering","org.eclipse.debug.ui.command.gotoaddress"
"Run/Debug","Next Memory Monitor","Ctrl+Alt+N","In Memory View","org.eclipse.debug.ui.commands.nextMemoryBlock"
"Modeler Keys","Copy Node","Ctrl+C","Scenario","com.sap.ndb.studio.bi.uibindings.command.copyNode"
"Modeler Keys","Zoom (In)","Ctrl+=","SAP HANA Modeler Editor","com.sap.ndb.studio.bi.uibindings.command.zoom"
"Navigator","Find System","Ctrl+Shift+N","SAP HANA","com.sap.ndb.studio.navigator.command.findsystem"
"Edit","Toggle Word Wrap","Alt+Shift+Y","Editing Text","org.eclipse.ui.edit.text.toggleWordWrap"
"Edit","Format","Ctrl+Shift+F","Editing in Structured Text Editors","org.eclipse.wst.sse.ui.format.document"
"Source","Remove Occurrence Annotations","Alt+Shift+U","Editing Java Source","org.eclipse.jdt.ui.edit.text.remove.occurrence.annotations"
"Edit","Select All","Ctrl+A","In Dialogs and Windows","org.eclipse.ui.edit.selectAll"
"Edit","Word Completion","Alt+/","Editing Text","org.eclipse.ui.edit.text.hippieCompletion"
"Edit","Restore Last Selection","Alt+Shift+Down","Editing JET Source","org.eclipse.jdt.ui.edit.text.java.select.last"
"Edit","Content Assist","Ctrl+Space","In Dialogs and Windows","org.eclipse.ui.edit.text.contentAssist.proposals"
"Search","Open Search Dialog","Ctrl+H","In Windows","org.eclipse.search.ui.openSearchDialog"
"Navigate","Show In Breadcrumb","Alt+Shift+B","Editor Breadcrumb Navigation","org.eclipse.jdt.ui.edit.text.java.gotoBreadcrumb"
"File","Save","Ctrl+S","In Windows","org.eclipse.ui.file.save"
"Window","Show View Menu","Ctrl+F10","In Dialogs and Windows","org.eclipse.ui.window.showViewMenu"
"Navigate","Open Call Hierarchy","Ctrl+Alt+H","Editing Xtext Source","org.eclipse.xtext.xbase.ui.hierarchy.OpenCallHierarchy"
"Run/Debug","Toggle Memory Monitors Pane","Ctrl+T","In Memory View","org.eclipse.debug.ui.commands.toggleMemoryMonitorsPane"
"Navigate","Quick Outline","Ctrl+O","Editing Java Source","org.eclipse.jdt.ui.edit.text.java.show.outline"
"Modeler Keys","Fit to Window","Ctrl+0","SAP HANA Modeler Editor","com.sap.ndb.studio.bi.uibindings.command.fittowindow"
"Editing","Toggle Comment","Ctrl+7","Editing Xtext Source","org.eclipse.xtext.ui.ToggleCommentAction"
"File","Close","Ctrl+W","In Windows","org.eclipse.ui.file.close"
"Run/Debug","Debug","F11","In Windows","org.eclipse.debug.ui.commands.DebugLast"
"Text Editing","Zoom In","Ctrl++","Editing Text","org.eclipse.ui.edit.text.zoomIn"
"Text Editing","Line Start","Home","Embedded Xtext Editor context","org.eclipse.ui.edit.text.goto.lineStart"
"Navigate","Matching Character","Ctrl+Shift+P","Editing in Structured Text Editors","org.eclipse.wst.sse.ui.goto.matching.bracket"
"Text Editing","Zoom Out","Ctrl+-","Editing Text","org.eclipse.ui.edit.text.zoomOut"
"Edit","Select Previous Element","Alt+Shift+Left","Editing in Structured Text Editors","org.eclipse.wst.sse.ui.structure.select.previous"
"Edit","Select Enclosing Element","Alt+Shift+Up","Editing Java Source","org.eclipse.jdt.ui.edit.text.java.select.enclosing"
"Navigate","Go to Line","Ctrl+L","Embedded Xtext Editor context","org.eclipse.ui.edit.text.goto.line"
"Navigate","Open Type","Ctrl+Shift+T","Editing JavaScript Source","org.eclipse.wst.jsdt.ui.navigate.open.type"
"Text Editing","Delete Line","Ctrl+D","Embedded Xtext Editor context","org.eclipse.ui.edit.text.delete.line"
"Edit","Paste","Ctrl+V","In Dialogs and Windows","org.eclipse.ui.edit.paste"
"Views","Show View (Console)","Alt+Shift+Q, C","In Windows","org.eclipse.ui.views.showView"
"Source","Navigate to","F3","Editing CDS DDL Source","com.sap.ndb.studio.cds.editor.ui.navigateTo"
"Views","Show View (Javadoc)","Alt+Shift+Q, J","In Windows","org.eclipse.ui.views.showView"
"Text Editing","Join Lines","Ctrl+Alt+J","Editing Text","org.eclipse.ui.edit.text.join.lines"
"Views","Show View (Breakpoints)","Alt+Shift+Q, B","In Windows","org.eclipse.ui.views.showView"
"Navigate","Forward History","Alt+Right","In Windows","org.eclipse.ui.navigate.forwardHistory"
"Run/Debug","Toggle Breakpoint","Ctrl+Shift+B","In Windows","org.eclipse.debug.ui.commands.ToggleBreakpoint"
"Edit","Incremental Find","Ctrl+J","Embedded Xtext Editor context","org.eclipse.ui.edit.findIncremental"
"Edit","Paste","Shift+Insert","In Dialogs and Windows","org.eclipse.ui.edit.paste"
"Navigate","Go to Previous Member","Ctrl+Shift+Up","Editing Java Source","org.eclipse.jdt.ui.edit.text.java.goto.previous.member"
"Run/Debug","All Instances","Ctrl+Shift+N","In Windows","org.eclipse.jdt.debug.ui.commands.AllInstances"
"Run/Debug","Display","Ctrl+Shift+D","In Dialogs and Windows","org.eclipse.jdt.debug.ui.commands.Display"
"Source","Quick Assist - Extract method","Ctrl+2, M","Editing Java Source","org.eclipse.jdt.ui.correction.extractMethodInplace.assist"
"Text Editing","Insert Line Below Current Line","Shift+Enter","Editing Text","org.eclipse.ui.edit.text.smartEnter"
"Text Editing","Toggle Folding","Ctrl+Numpad_Divide","Editing Text","org.eclipse.ui.edit.text.folding.toggle"
"JET Source Actions","Show Source Quick Menu","Alt+Shift+S","Editing JET Source","org.eclipse.codegen.ui.jet.source.quickmenu"
"Text Editing","Move Lines Up","Alt+Up","Embedded Xtext Editor context","org.eclipse.ui.edit.text.moveLineUp"
"Edit","Cut","Shift+Delete","In Dialogs and Windows","org.eclipse.ui.edit.cut"
"Run/Debug","Run JUnit Plug-in Test","Alt+Shift+X, P","In Windows","org.eclipse.pde.ui.junitWorkbenchShortcut.run"
"Text Editing","Text End","Ctrl+End","Editing Text","org.eclipse.ui.edit.text.goto.textEnd"
"Search","References in Workspace","Ctrl+Shift+G","JavaScript View","org.eclipse.wst.jsdt.ui.edit.text.java.search.references.in.workspace"
"Navigate","Open Declaration","F3","Editing Xtext Source","org.eclipse.xtext.ui.editor.hyperlinking.OpenDeclaration"
"Text Editing","Select Line Start","Shift+Home","Editing Text","org.eclipse.ui.edit.text.select.lineStart"
"SAP HANA Database Administration","System Monitor","Ctrl+Shift+M","Navigator","com.sap.ndb.studio.admin.command.systemmonitor"
"Navigator","Find System","Ctrl+Shift+N","Navigator","com.sap.ndb.studio.navigator.command.findsystem"
"Text Editing","Zoom In","Ctrl+=","Editing Text","org.eclipse.ui.edit.text.zoomIn"
"Source","Toggle Comment","Ctrl+Shift+C","Editing Java Source","org.eclipse.jdt.ui.edit.text.java.toggle.comment"
"Source","Format","Ctrl+Shift+F","Editing Ant Buildfiles","org.eclipse.jdt.ui.edit.text.java.format"
"Navigate","Open Structure","Ctrl+F3","Editing JavaScript Source","org.eclipse.wst.jsdt.ui.navigate.java.open.structure"
"Window","Toggle Split Editor (Horizontal)","Ctrl+_","In Windows","org.eclipse.ui.window.splitEditor"
"Edit","Format Active Elements","Ctrl+I","Editing in Structured Text Editors","org.eclipse.wst.sse.ui.format.active.elements"
"Source","Surround With Quick Menu","Alt+Shift+Z","In Windows","org.eclipse.jdt.ui.edit.text.java.surround.with.quickMenu"
"Server","Run","Ctrl+Alt+R","In Servers View","org.eclipse.wst.server.run"
"Views","Show View (Type Hierarchy)","Alt+Shift+Q, T","In Windows","org.eclipse.ui.views.showView"
"Edit","Previous Sibling","Ctrl+Shift+Up","Editing in Structured Text Editors","org.eclipse.wst.xml.ui.previousSibling"
"Modeler Keys","Refactor","Alt+Shift+V","Navigator","com.sap.ndb.studio.modeler.actions.Refactor"
"Source","Format","Ctrl+Shift+F","Editing JavaScript Source","org.eclipse.wst.jsdt.ui.edit.text.java.format"
"Window","Open Model Element","Ctrl+Shift+F3","In Windows","org.eclipse.xtext.ui.shared.OpenXtextElementCommand"
"Text Editing","Delete to End of Line","Ctrl+Shift+Delete","Editing Text","org.eclipse.ui.edit.text.delete.line.to.end"
"Refactor - Java","Move - Refactoring ","Alt+Shift+V","In Windows","org.eclipse.jdt.ui.edit.text.java.move.element"
"Navigator","Delete","Delete","In Windows","org.eclipse.ui.edit.delete"
"Text Editing","Scroll Line Up","Ctrl+Up","Embedded Xtext Editor context","org.eclipse.ui.edit.text.scroll.lineUp"
"Run/Debug","Execute","Ctrl+U","In Windows","org.eclipse.jdt.debug.ui.commands.Execute"
"Views","Show View (Variables)","Alt+Shift+Q, V","In Windows","org.eclipse.ui.views.showView"
"Navigate","Go to Matching Bracket","Ctrl+Shift+P","Editing Java Source","org.eclipse.jdt.ui.edit.text.java.goto.matching.bracket"
"Modeler Keys","Activate","Ctrl+Shift+A","SAP HANA Modeler Editor","com.sap.ndb.studio.bi.uibindings.command.activate"
"Search","Declaration in Workspace","Ctrl+G","JavaScript View","org.eclipse.wst.jsdt.ui.edit.text.java.search.declarations.in.workspace"
"Window","Toggle Full Screen","Alt+F11","In Dialogs and Windows","org.eclipse.ui.window.fullscreenmode"
"Navigator","Add System","Alt+N","In Windows","com.sap.ndb.studio.navigator.command.addsapsystem"
"Edit","Word Completion","Alt+/","Embedded Xtext Editor context","org.eclipse.ui.edit.text.hippieCompletion"
"Navigate","Open Declaration","F3","JavaScript View","org.eclipse.wst.jsdt.ui.edit.text.java.open.editor"
"Text Editing","Select Line End","Shift+End","Embedded Xtext Editor context","org.eclipse.ui.edit.text.select.lineEnd"
"File","Print","Ctrl+P","In Windows","org.eclipse.ui.file.print"
"Navigate","Previous Edit Location","Ctrl+Alt+Left","In Windows","org.eclipse.ui.edit.text.gotoLastEditPosition"
"Source","Organize Imports","Ctrl+Shift+O","In Windows","org.eclipse.jdt.ui.edit.text.java.organize.imports"
"Views","Show View (Problems)","Alt+Shift+Q, X","In Windows","org.eclipse.ui.views.showView"
"Views","Show View (Synchronize)","Alt+Shift+Q, Y","In Windows","org.eclipse.ui.views.showView"
"Source","Quick Assist - Assign to var","Ctrl+2, F","Editing JavaScript Source","org.eclipse.wst.jsdt.ui.correction.assignToField.assist"
"Edit","Find and Replace","Ctrl+F","In Windows","org.eclipse.ui.edit.findReplace"
"Uncategorized","Quick Outline","Ctrl+O","Editing Xtext Source","org.eclipse.xtext.ui.editor.outline.QuickOutline"
"Uncategorized","Open Data Previe&w...","Ctrl+Shift+P","CDS Data Preview","com.sap.ndb.studio.cds.datapreview.ui.command"
"Source","Quick Assist - Assign to local variable","Ctrl+2, L","Editing Java Source","org.eclipse.jdt.ui.correction.assignToLocal.assist"
"View","Zoom In","Ctrl+=","In Windows","org.eclipse.gef.zoom_in"
"SAP HANA Development","Activate All...","Ctrl+Shift+F3","SAP HANA Development Context","com.sap.ndb.studio.dwb.team.ui.commands.activateall"
"Navigate","Previous Edit Location","Ctrl+Q","In Windows","org.eclipse.ui.edit.text.gotoLastEditPosition"
"Run/Debug","Step Into","F5","Debugging","org.eclipse.debug.ui.commands.StepInto"
"Source","Remove Block Comment","Ctrl+Shift+\","Editing JavaScript Source","org.eclipse.wst.jsdt.ui.edit.text.java.remove.block.comment"
"Navigate","Previous","Ctrl+,","In Windows","org.eclipse.ui.navigate.previous"
"File","Close All","Ctrl+Shift+F4","In Windows","org.eclipse.ui.file.closeAll"
"Modeler Keys","Auto Arrange","Ctrl+L","SAP HANA Modeler Editor","com.sap.ndb.studio.bi.uibindings.command.autolayout"
"SAP HANA Development","Open SAP HANA Development Object","Ctrl+Shift+A","SAP HANA Development Context","com.sap.ndb.studio.dwb.team.ui.commands.openObject"
"View","Zoom Out","Ctrl+-","In Windows","org.eclipse.gef.zoom_out"
"Run/Debug","Step Into Selection","Ctrl+F5","Debugging","org.eclipse.jdt.debug.ui.commands.StepIntoSelection"
"Refactoring","Rename Element","Alt+Shift+R","Editing Xtext Source","org.eclipse.xtext.ui.refactoring.RenameElement"
"Views","Show View","Alt+Shift+Q, D","In Windows","org.eclipse.ui.views.showView"
"Window","Activate Editor","F12","In Windows","org.eclipse.ui.window.activateEditor"
"SAP HANA Studio SQL Administration Console","Execute","Shift+F8","SAP HANA SQL Console","com.sap.ndb.studio.sql.action.ExecuteSQLStep"
"Run/Debug","Terminate","Ctrl+F2","Debugging","org.eclipse.debug.ui.commands.Terminate"
"Text Editing","Select Previous Word","Ctrl+Shift+Left","Editing Text","org.eclipse.ui.edit.text.select.wordPrevious"
"Server","Publish","Ctrl+Alt+P","In Servers View","org.eclipse.wst.server.publish"
"SAP HANA Studio SQL Administration Console","Find Table","Ctrl+Shift+T","SAP HANA","com.sap.ndb.studio.sql.command.findtable2"
"Server","Stop","Ctrl+Alt+S","In Servers View","org.eclipse.wst.server.stop"
"Navigate","Open Plug-in Artifact","Ctrl+Shift+A","In Windows","org.eclipse.pde.ui.openPluginArtifact"
"Source","Indent Line","Ctrl+I","Editing JavaScript Source","org.eclipse.wst.jsdt.ui.edit.text.java.indent"
"Edit","Copy","Ctrl+Insert","In Dialogs and Windows","org.eclipse.ui.edit.copy"
"Edit","Redo","Ctrl+Y","In Dialogs and Windows","org.eclipse.ui.edit.redo"
"Run/Debug","EOF","Ctrl+Z","In I/O Console","org.eclipse.debug.ui.commands.eof"
"Source","Quick Assist - Assign to variable in new try-with-resources block","Ctrl+2, T","Editing Java Source","org.eclipse.jdt.ui.correction.assignInTryWithResources.assist"
"Edit","Next Sibling","Ctrl+Shift+Down","Editing in Structured Text Editors","org.eclipse.wst.xml.ui.nextSibling"
"Modeler Keys","Paste Node","Ctrl+V","Scenario","com.sap.ndb.studio.bi.uibindings.command.pasteNode"
"Window","Find Actions","Ctrl+3","In Windows","org.eclipse.ui.window.quickAccess"
"Navigate","Next Page","Alt+F7","In Windows","org.eclipse.ui.part.nextPage"
"Quick Search","Quick Search","Ctrl+Alt+Shift+L","In Windows","org.eclipse.text.quicksearch.commands.quicksearchCommand"
"Source","Toggle Comment","Ctrl+7","Editing Properties Files","org.eclipse.jdt.ui.edit.text.java.toggle.comment"
"Source","Quick Assist - Rename in file","Ctrl+2, R","Editing JavaScript Source","org.eclipse.wst.jsdt.ui.correction.renameInFile.assist"
"Text Editing","Collapse","Ctrl+Numpad_Subtract","Editing Text","org.eclipse.ui.edit.text.folding.collapse"
"Window","Show Key Assist","Ctrl+Shift+L","In Dialogs and Windows","org.eclipse.ui.window.showKeyAssist"
"Refactor - Java","Change Method Signature","Alt+Shift+C","In Windows","org.eclipse.jdt.ui.edit.text.java.modify.method.parameters"
"Edit","Find Previous","Ctrl+Shift+K","Embedded Xtext Editor context","org.eclipse.ui.edit.findPrevious"
"Window","Previous View","Ctrl+Shift+F7","In Windows","org.eclipse.ui.window.previousView"
"Navigate","Open Attached Javadoc","Shift+F2","In Windows","org.eclipse.jdt.ui.edit.text.java.open.external.javadoc"
"Text Editing","Select Next Word","Ctrl+Shift+Right","Editing Text","org.eclipse.ui.edit.text.select.wordNext"
"Refactoring","Extract Local Variable","Alt+Shift+L","Editing Xtext Source","org.eclipse.xtext.xbase.ui.refactoring.ExtractLocalVariable"
"SAP HANA Development","Create System Project","Shift+N","Navigator","com.sap.ndb.studio.dwb.team.ui.commands.createSystemProject"
"Source","Remove Block Comment","Ctrl+Shift+\","Editing Java Source","org.eclipse.jdt.ui.edit.text.java.remove.block.comment"
"Run/Debug","Step Over","F6","Debugging","org.eclipse.debug.ui.commands.StepOver"
"Text Editing","Text End","Ctrl+End","Embedded Xtext Editor context","org.eclipse.ui.edit.text.goto.textEnd"
"Manifest Editor Source","Format Source","Ctrl+Shift+F","PDE editor","org.eclipse.pde.ui.edit.text.format"
"Run/Debug","Close Rendering","Ctrl+W","In Memory View","org.eclipse.debug.ui.commands.closeRendering"
"Run/Debug","Run Eclipse Application","Alt+Shift+X, E","In Windows","org.eclipse.pde.ui.runtimeWorkbenchShortcut.run"
"Source","Toggle Mark Occurrences","Alt+Shift+O","Editing Java Source","org.eclipse.jdt.ui.edit.text.java.toggleMarkOccurrences"
"Modeler Keys","Copy","Ctrl+C","Navigator","com.sap.ndb.studio.modeler.actions.CtrlCCopyObject"
"SAP HANA Database Administration","Administration (SAP System Logon)","Ctrl+Shift+O","Navigator","com.sap.ndb.studio.admin.command.administrationsapsystem"
"Edit","Select Next Element","Alt+Shift+Right","Editing Java Source","org.eclipse.jdt.ui.edit.text.java.select.next"
"Edit","Select All","Alt+D","In Windows","org.eclipse.ui.edit.selectAll"
"Edit","Select Next Element","Alt+Shift+Right","Editing in Structured Text Editors","org.eclipse.wst.sse.ui.structure.select.next"
"Source","Toggle Comment","Ctrl+7","Editing CDS DDL Source","com.sap.ndb.studio.cds.editor.ui.toggleComment"
"Text Editing","Insert Line Above Current Line","Ctrl+Shift+Enter","Editing Text","org.eclipse.ui.edit.text.smartEnterInverse"
"Edit","Copy","Ctrl+C","Refactor context","com.sap.ndb.studio.dwb.repository.refactoring.ui.masscopycommand"
"Edit","Update","Ctrl+F5","Graphiti Diagram","org.eclipse.graphiti.ui.internal.action.UpdateAction"
"Run/Debug","Skip All Breakpoints","Ctrl+Alt+B","In Windows","org.eclipse.debug.ui.commands.SkipAllBreakpoints"
"Text Editing","Next Word","Ctrl+Right","Editing Text","org.eclipse.ui.edit.text.goto.wordNext"
"Source","Surround With Quick Menu","Alt+Shift+Z","JavaScript View","org.eclipse.wst.jsdt.ui.edit.text.java.surround.with.quickMenu"
"Text Editing","Show Tooltip Description","F2","Embedded Xtext Editor context","org.eclipse.ui.edit.text.showInformation"
"Authorization Commands","Deploy","F8","Authorization Editor","com.sap.ndb.studio.authorization.action.ExecuteDeploy"
"Source","Add Text Block","Ctrl+Shift+'","Editing Java Source","org.eclipse.jdt.ui.edit.text.java.add.textblock"
"Uncategorized","Go to Matching Bracket","Ctrl+Shift+P","in Generic Code Editor","org.eclipse.ui.genericeditor.gotoMatchingBracket"
"Navigate","Previous Tab","Ctrl+PageUp","In Dialogs and Windows","org.eclipse.ui.navigate.previousTab"
"Server","Debug","Ctrl+Alt+D","In Servers View","org.eclipse.wst.server.debug"
"Text Editing","Previous Word","Ctrl+Left","Editing Text","org.eclipse.ui.edit.text.goto.wordPrevious"
"Key Category","Complete Keyword","Tab","Keyword Completion in SQL Studio Editors","com.sap.ndb.studio.parser.rnd.completeWord"
"Views","Show View (Cheat Sheets)","Alt+Shift+Q, H","In Windows","org.eclipse.ui.views.showView"
"SAP HANA Studio SQL Administration Console","Close","Ctrl+F4","SAP HANA Catalog Editor","com.sap.ndb.studio.sql.editor.CloseSubWindow"
"Navigate","Open Type Hierarchy","F4","In Windows","org.eclipse.jdt.ui.edit.text.java.open.type.hierarchy"
"Window","Show Contributing Plug-in","Alt+Shift+F3","In Dialogs and Windows","org.eclipse.ui.window.spy"
"Navigate","Quick Outline","Ctrl+O","PDE editor","org.eclipse.pde.ui.quickOutline"
"Text Editing","To Upper Case","Ctrl+Shift+X","Editing Text","org.eclipse.ui.edit.text.upperCase"
"Search","References in Workspace","Ctrl+Shift+G","In Windows","org.eclipse.jdt.ui.edit.text.java.search.references.in.workspace"
"Edit","Toggle Block Selection","Alt+Shift+A","Embedded Xtext Editor context","org.eclipse.ui.edit.text.toggleBlockSelectionMode"
"Edit","Open Selection","F3","Editing in Structured Text Editors","org.eclipse.wst.sse.ui.open.file.from.source"
"Text Editing","Open Hyperlink","F3","in Generic Code Editor","org.eclipse.ui.edit.text.open.hyperlink"
"Views","Show View (Job Log)","Alt+Shift+Q, G","In Windows","org.eclipse.ui.views.showView"
"Edit","Matching Tag","Ctrl+Shift+>","Editing in Structured Text Editors","org.eclipse.wst.xml.ui.gotoMatchingTag"
"Search","Show Occurrences in File Quick Menu","Ctrl+Shift+U","In Windows","org.eclipse.jdt.ui.edit.text.java.search.occurrences.in.file.quickMenu"
"File","Close All","Ctrl+Shift+W","In Windows","org.eclipse.ui.file.closeAll"
"Edit","Find Next","Ctrl+K","In Windows","org.eclipse.ui.edit.findNext"
"Source","Add Import","Ctrl+Shift+M","Editing Java Source","org.eclipse.jdt.ui.edit.text.java.add.import"
"Modeler Keys","Rename","Alt+Shift+R","Navigator","com.sap.ndb.studio.modeler.actions.Rename"
"Edit","Undo","Ctrl+Z","In Dialogs and Windows","org.eclipse.ui.edit.undo"
"Navigate","Previous Page","Alt+Shift+F7","In Windows","org.eclipse.ui.part.previousPage"
"Run/Debug","Debug Java Application","Alt+Shift+D, J","In Windows","org.eclipse.jdt.debug.ui.localJavaShortcut.debug"
"Editing","Toggle Comment","Ctrl+/","Editing Xtext Source","org.eclipse.xtext.ui.ToggleCommentAction"
"Navigate","Open Declaration","F3","In Windows","org.eclipse.jdt.ui.edit.text.java.open.editor"
"Text Editing","Insert Line Above Current Line","Ctrl+Shift+Enter","Embedded Xtext Editor context","org.eclipse.ui.edit.text.smartEnterInverse"
"Source","Toggle Comment","Ctrl+7","Editing Java Source","org.eclipse.jdt.ui.edit.text.java.toggle.comment"
"Source","Toggle Mark Occurrences","Alt+Shift+O","Editing JavaScript Source","org.eclipse.wst.jsdt.ui.edit.text.java.toggleMarkOccurrences"
"Edit","Select Enclosing Element","Alt+Shift+Up","Editing in Structured Text Editors","org.eclipse.wst.sse.ui.structure.select.enclosing"
"Modeler Navigator","Find","Ctrl+F","Navigator","com.sap.ndb.studio.modeler.find"
"Edit","Remove","Shift+Delete","Graphiti Diagram","org.eclipse.graphiti.ui.internal.action.RemoveAction"
"Source","Show Source Quick Menu","Alt+Shift+S","In Windows","org.eclipse.jdt.ui.edit.text.java.source.quickMenu"
"Text Editing","Delete Previous Word","Ctrl+Backspace","Editing Text","org.eclipse.ui.edit.text.deletePreviousWord"
"Views","Show View (History)","Alt+Shift+Q, R","In Windows","org.eclipse.ui.views.showView"
"Source","Correct Indentation","Ctrl+I","Editing Java Source","org.eclipse.jdt.ui.edit.text.java.indent"
"Navigate","Open Manifest","Ctrl+Alt+Shift+M","In Windows","org.eclipse.pde.ui.openManifest"
"Run/Debug","Run Java Application","Alt+Shift+X, J","In Windows","org.eclipse.jdt.debug.ui.localJavaShortcut.run"
"Modeler Keys","Move Element in Output Pane (Up)","Ctrl+[","SAP HANA Modeler Editor","com.sap.ndb.studio.bi.uibindings.command.move"
"Text Editing","Copy Lines","Ctrl+Alt+Down","Editing Text","org.eclipse.ui.edit.text.copyLineDown"
"Source","Add Block Comment","Ctrl+Shift+/","Editing Java Source","org.eclipse.jdt.ui.edit.text.java.add.block.comment"
"Modeler Keys","Display XML","Alt+D","SAP HANA Modeler Editor","com.sap.ndb.studio.bi.uibindings.command.displayxml"
"Run/Debug","Force Return","Alt+Shift+F","In Windows","org.eclipse.jdt.debug.ui.commands.ForceReturn"
"Refactor - Java","Rename - Refactoring ","Alt+Shift+R","In Windows","org.eclipse.jdt.ui.edit.text.java.rename.element"
"Run/Debug","Previous Page of Memory","Ctrl+Shift+,","In Table Memory Rendering","org.eclipse.debug.ui.command.prevpage"
"Edit","Select Enclosing Element","Alt+Shift+Up","Editing JET Source","org.eclipse.jdt.ui.edit.text.java.select.enclosing"
"Edit","Toggle Insert Mode","Ctrl+Shift+Insert","Editing Text","org.eclipse.ui.edit.text.toggleInsertMode"
"Modeler Navigator","Data Preview","Ctrl+Shift+P","Navigator","com.sap.ndb.studio.modeler.actions.datapreview"
"File","Save","F8","SAP HANA Security Editor","org.eclipse.ui.file.save"
"Navigate","Quick Hierarchy","Ctrl+T","Editing Java Source","org.eclipse.jdt.ui.edit.text.java.open.hierarchy"
"Run/Debug","Run to Line","Ctrl+R","Debugging","org.eclipse.debug.ui.commands.RunToLine"
"Modeler Keys","Add Table/Model","Ctrl+Shift+=","SAP HANA Modeler Editor","com.sap.ndb.studio.bi.uibindings.command.addtable"
"Run/Debug","Run Java Applet","Alt+Shift+X, A","In Windows","org.eclipse.jdt.debug.ui.javaAppletShortcut.run"
"Source","Open Declaration","F3","Editing Ant Buildfiles","org.eclipse.ant.ui.open.declaration.command"
"Modeler Keys","Zoom (Reset)","Alt+Shift+0","SAP HANA Modeler Editor","com.sap.ndb.studio.bi.uibindings.command.zoom"
"Modeler Keys","Validate","Ctrl+Shift+V","SAP HANA Modeler Editor","com.sap.ndb.studio.bi.uibindings.command.validate"
"Views","Show View","Alt+Shift+Q, Q","In Windows","org.eclipse.ui.views.showView"
"SAP HANA Studio SQL Administration Console","Execute","F9","SAP HANA SQL Console","com.sap.ndb.studio.sql.action.ExecuteSQLCursorPos"
"Navigate","Open Call Hierarchy","Ctrl+Alt+H","Editing Xtext Grammar","org.eclipse.xtext.ui.editor.OpenCallHierarchy"
"Run/Debug","Step Return","F7","Debugging","org.eclipse.debug.ui.commands.StepReturn"
"Refactor - Java","Make Static","Alt+Shift+K","In Windows","org.eclipse.jdt.ui.edit.text.java.make.static"
"Navigate","Open Type","Ctrl+Shift+T","In Windows","org.eclipse.jdt.ui.navigate.open.type"
"Navigate","Open Type in Hierarchy","Ctrl+Shift+H","In Windows","org.eclipse.jdt.ui.navigate.open.type.in.hierarchy"
"Edit","Quick Diff Toggle","Ctrl+Shift+Q","Editing Text","org.eclipse.quickdiff.toggle"
"Authorization Commands","Refresh","F5","In Windows","org.eclipse.ui.file.refresh"
"Edit","Toggle Comment","Ctrl+Shift+C","Editing in Structured Text Editors","org.eclipse.wst.sse.ui.toggle.comment"
"Navigate","Go to Next Member","Ctrl+Shift+Down","Editing JavaScript Source","org.eclipse.wst.jsdt.ui.edit.text.java.goto.next.member"
"Window","Next Perspective","Ctrl+F8","In Windows","org.eclipse.ui.window.nextPerspective"
"Navigate","Find References","Ctrl+Shift+G","Editing Xtext Source","org.eclipse.xtext.ui.editor.FindReferences"
"Text Editing","Delete Next Word","Ctrl+Delete","Embedded Xtext Editor context","org.eclipse.ui.edit.text.deleteNextWord"
"Window","Next View","Ctrl+F7","In Windows","org.eclipse.ui.window.nextView"
"Edit","Cut","Ctrl+X","In Dialogs and Windows","org.eclipse.ui.edit.cut"
"JET Refactor Actions","Rename","Alt+Shift+R","Editing JET Source","org.eclipse.codegen.ui.jet.rename"
"Navigate","Quick Hierarchy","Ctrl+T","Editing Xtext Source","org.eclipse.jdt.ui.edit.text.java.open.hierarchy"
"Edit","Select Previous Element","Alt+Shift+Left","Editing Java Source","org.eclipse.jdt.ui.edit.text.java.select.previous"
"Run/Debug","Debug Eclipse Application","Alt+Shift+D, E","In Windows","org.eclipse.pde.ui.runtimeWorkbenchShortcut.debug"
"Run/Debug","Add Memory Block","Ctrl+Alt+M","In Memory View","org.eclipse.debug.ui.commands.addMemoryMonitor"
"EMF Code Generation","Generate Code","Alt+Shift+G","In Windows","org.eclipse.emf.codegen.ecore.ui.Generate"
"Navigate","Open Structure","Ctrl+F3","Editing Java Source","org.eclipse.jdt.ui.navigate.java.open.structure"
"Navigate","Next","Ctrl+.","In Windows","org.eclipse.ui.navigate.next"
"Window","Toggle Split Editor (Vertical)","Ctrl+{","In Windows","org.eclipse.ui.window.splitEditor"
"Source","Add JSDoc Comment","Alt+Shift+J","JavaScript View","org.eclipse.wst.jsdt.ui.edit.text.java.add.javadoc.comment"
"Source","Add Block Comment","Ctrl+Shift+/","Editing JavaScript Source","org.eclipse.wst.jsdt.ui.edit.text.java.add.block.comment"
"Source","Toggle Comment","Ctrl+/","Editing Properties Files","org.eclipse.jdt.ui.edit.text.java.toggle.comment"
"Refactor - Java","Extract Local Variable","Alt+Shift+L","Editing JET Source","org.eclipse.jdt.ui.edit.text.java.extract.local.variable"
"Views","Show View (Package Explorer)","Alt+Shift+Q, P","In Windows","org.eclipse.ui.views.showView"
"Source","Complete Keyword","Tab","CDS DDL Keyword Completion","com.sap.ndb.studio.cds.editor.completeWord"
"Navigate","Backward History","Alt+Left","In Windows","org.eclipse.ui.navigate.backwardHistory"
"Text Editing","Show Tooltip Description","F2","Editing Text","org.eclipse.ui.edit.text.showInformation"
"Views","Show View (Where-Used List)","Alt+Shift+Q, U","In Windows","org.eclipse.ui.views.showView"
"Source","Toggle Comment","Ctrl+7","Editing JavaScript Source","org.eclipse.wst.jsdt.ui.edit.text.java.toggle.comment"
"Authorization Commands","Refresh","F5","Table Distribution Editor","org.eclipse.ui.file.refresh"
"Editing","Restore Last Selection","Alt+Shift+Down","Editing Xtext Source","org.eclipse.xtext.ui.editor.select.last"
"Navigate","Open Type","Ctrl+Shift+T","Editing Java Source","org.eclipse.jdt.ui.navigate.open.type"
"Edit","Quick Fix","Ctrl+1","In Dialogs and Windows","org.eclipse.jdt.ui.edit.text.java.correction.assist.proposals"
"Run/Debug","Run Ant Build","Alt+Shift+X, Q","In Windows","org.eclipse.ant.ui.antShortcut.run"
"Navigate","Open Type in Hierarchy","Ctrl+Shift+H","JavaScript View","org.eclipse.wst.jsdt.ui.navigate.open.type.in.hierarchy"
"Text Editing","Collapse All","Ctrl+Shift+Numpad_Divide","Editing Text","org.eclipse.ui.edit.text.folding.collapse_all"
"Window","Quick Switch Editor","Ctrl+E","In Windows","org.eclipse.ui.window.openEditorDropDown"
"Run/Debug","Use Step Filters","Shift+F5","In Windows","org.eclipse.debug.ui.commands.ToggleStepFilters"
"Modeler Keys","Zoom (Out)","Ctrl+-","SAP HANA Modeler Editor","com.sap.ndb.studio.bi.uibindings.command.zoom"
"Navigate","Go to Matching Bracket","Ctrl+Shift+P","Editing JavaScript Source","org.eclipse.wst.jsdt.ui.edit.text.java.goto.matching.bracket"
"Text Editing","Select Line End","Shift+End","Editing Text","org.eclipse.ui.edit.text.select.lineEnd"
"Uncategorized","Get Where-&Used List","Ctrl+Shift+G","XREF context","com.sap.ndb.studio.dwb.repository.whereused.ui.command"
"Text Editing","Expand All","Ctrl+Numpad_Multiply","Editing Text","org.eclipse.ui.edit.text.folding.expand_all"
"JavaScript Debug","Evaluate","Alt+Shift+E","Editing JavaScript Source","org.eclipse.wst.jsdt.debug.ui.evaluate.command"
"Source","Open External Documentation","Shift+F2","Editing Ant Buildfiles","org.eclipse.ant.ui.openExternalDoc"
"Navigate","Open Resource","Ctrl+Shift+R","In Windows","org.eclipse.ui.navigate.openResource"
"Source","Toggle Comment","Ctrl+Shift+C","Editing Properties Files","org.eclipse.jdt.ui.edit.text.java.toggle.comment"
"File","New","Ctrl+N","In Windows","org.eclipse.ui.newWizard"
"Text Editing","To Lower Case","Ctrl+Shift+Y","Embedded Xtext Editor context","org.eclipse.ui.edit.text.lowerCase"
"Edit","Select Previous Element","Alt+Shift+Left","Editing JET Source","org.eclipse.jdt.ui.edit.text.java.select.previous"
"Refactor - Java","Extract Local Variable","Alt+Shift+L","In Windows","org.eclipse.jdt.ui.edit.text.java.extract.local.variable"
"Text Editing","Copy Lines","Ctrl+Alt+Down","Embedded Xtext Editor context","org.eclipse.ui.edit.text.copyLineDown"
"Run/Debug","Resume","F8","Debugging","org.eclipse.debug.ui.commands.Resume"
"Navigate","Show In Breadcrumb","Alt+Shift+B","Editing Java Source","org.eclipse.jdt.ui.edit.text.java.gotoBreadcrumb"
"Edit","Add Block Comment","Ctrl+Shift+/","Editing in Structured Text Editors","org.eclipse.wst.sse.ui.add.block.comment"
"Source","Quick Assist - Rename in file","Ctrl+2, R","Editing Java Source","org.eclipse.jdt.ui.correction.renameInFile.assist"
"Text Editing","Join Lines","Ctrl+Alt+J","Embedded Xtext Editor context","org.eclipse.ui.edit.text.join.lines"
"SAP HANA Studio SQL Administration Console","Execute","F8","SAP HANA SQL Prepared Parameter Editor","com.sap.ndb.studio.sql.action.ExecuteSQL"
"Window","Show Ruler Context Menu","Ctrl+F10","Editing Text","org.eclipse.ui.edit.text.showRulerContextMenu"
"Edit","Export Diagram","Ctrl+O","Graphiti Diagram","org.eclipse.graphiti.ui.internal.action.SaveImageAction"
"Modeler Keys","Data Preview","Ctrl+Shift+P","SAP HANA Modeler Editor","com.sap.ndb.studio.bi.uibindings.command.datapreview"
"Source","Format","Ctrl+Shift+F","Editing Java Source","org.eclipse.jdt.ui.edit.text.java.format"
"Text Editing","Duplicate Lines","Ctrl+Alt+Up","Editing Text","org.eclipse.ui.edit.text.copyLineUp"
"Source","Quick Assist - Assign to local variable","Ctrl+2, L","Editing JavaScript Source","org.eclipse.wst.jsdt.ui.correction.assignToLocal.assist"
"JavaScript Debug","Open Source","Ctrl+Shift+3","Debugging","org.eclipse.wst.jsdt.debug.ui.script.opensource"
"Uncategorized","Find References","Ctrl+Shift+G","in Generic Code Editor","org.eclipse.ui.genericeditor.findReferences"
"Modeler Keys","Paste","Ctrl+V","Navigator","com.sap.ndb.studio.modeler.PasteObject"
"Text Editing","Select Next Word","Ctrl+Shift+Right","Embedded Xtext Editor context","org.eclipse.ui.edit.text.select.wordNext"
"Views","Show View (Search)","Alt+Shift+Q, S","In Windows","org.eclipse.ui.views.showView"
"Edit","Incremental Find Reverse","Ctrl+Shift+J","Editing Text","org.eclipse.ui.edit.findIncrementalReverse"
"Run/Debug","Java Breakpoint Properties","Alt+Enter","In Breakpoints View","org.eclipse.jdt.debug.ui.breakpoint.properties"
"Modeler Keys","Activate","Ctrl+Shift+A","Navigator","com.sap.ndb.studio.navigator.actions.activate"
"File","Properties","Alt+Enter","In Windows","org.eclipse.ui.file.properties"
"Views","Show View (Error Log)","Alt+Shift+Q, L","In Windows","org.eclipse.ui.views.showView"
"Text Editing","Reset Structure","Ctrl+Shift+Numpad_Multiply","Editing Text","org.eclipse.ui.edit.text.folding.restore"
"Refactor - Java","Show Refactor Quick Menu","Alt+Shift+T","In Windows","org.eclipse.jdt.ui.edit.text.java.refactor.quickMenu"
"Source","Organize Imports","Ctrl+Shift+O","Editing Xtext Source","org.eclipse.xtext.xbase.ui.organizeImports"
"Edit","Toggle Block Selection","Alt+Shift+A","Editing Text","org.eclipse.ui.edit.text.toggleBlockSelectionMode"
"Navigate","Go to Next Member","Ctrl+Shift+Down","Editing Java Source","org.eclipse.jdt.ui.edit.text.java.goto.next.member"
"Text Editing","Delete Previous Word","Ctrl+Backspace","Embedded Xtext Editor context","org.eclipse.ui.edit.text.deletePreviousWord"
"Edit","Copy","Ctrl+C","In Dialogs and Windows","org.eclipse.ui.edit.copy"
"Run/Debug","Debug on Server","Alt+Shift+D, R","In Windows","org.eclipse.wst.server.launchShortcut.debug"
"Text Editing","Previous Word","Ctrl+Left","Embedded Xtext Editor context","org.eclipse.ui.edit.text.goto.wordPrevious"
"Run/Debug","Run JUnit Test","Alt+Shift+X, T","In Windows","org.eclipse.jdt.junit.junitShortcut.run"
"Views","Show View","Alt+Shift+Q, Z","In Windows","org.eclipse.ui.views.showView"
"Text Editing","Move Lines Up","Alt+Up","Editing Text","org.eclipse.ui.edit.text.moveLineUp"
"Window","Show Ruler Context Menu","Ctrl+F10","Embedded Xtext Editor context","org.eclipse.ui.edit.text.showRulerContextMenu"
"Text Editing","Select Previous Word","Ctrl+Shift+Left","Embedded Xtext Editor context","org.eclipse.ui.edit.text.select.wordPrevious"
"Text Editing","Delete Next Word","Ctrl+Delete","Editing Text","org.eclipse.ui.edit.text.deleteNextWord"
"Edit","Occurrences in File","Ctrl+Shift+A","Editing in Structured Text Editors","org.eclipse.wst.sse.ui.search.find.occurrences"
"ANSI Support Commands","Copy Text Without ANSI Escapes","Ctrl+Insert","In Console View","AnsiConsole.command.copy_without_escapes"
"JavaScript Debug","JavaScript Breakpoint Properties","Ctrl+Enter","In Breakpoints View","org.eclipse.wst.jsdt.debug.ui.breakpoint.properties"
"Authorization Commands","Refresh","F5","SAP HANA Catalog Editor","org.eclipse.ui.file.refresh"
"Navigate","Next Edit Location","Ctrl+Alt+Right","In Windows","org.eclipse.ui.edit.text.gotoNextEditPosition"
"Edit","Select Enclosing JET Element","Alt+Shift+PageUp","Editing JET Source","org.eclipse.emf.codegen.ui.jet.select.enclosing"
"Search","Find Text in Workspace","Ctrl+Alt+G","In Windows","org.eclipse.search.ui.performTextSearchWorkspace"
"Edit","Find Objects","Ctrl+F","SAP HANA Modeler Editor","com.sap.ndb.studio.bi.view.commands.find"
"Authorization Commands","Find User/Role","Ctrl+Shift+U","SAP HANA","com.sap.ndb.studio.authorization.command.findprincipal"
"SAP HANA Database Administration","Refresh Log File","F5","Log File Editor","com.sap.ndb.studio.admin.command.refreshlogfile"
"Navigator","Rename","F2","In Windows","org.eclipse.ui.edit.rename"
"SAP HANA Studio SQL Administration Console","Execute","F8","SAP HANA SQL Console","com.sap.ndb.studio.sql.action.ExecuteSQL"
"Window","Maximize Active View or Editor","Ctrl+M","In Windows","org.eclipse.ui.window.maximizePart"
"Navigate","Goto Matching Bracket","Ctrl+Shift+P","Editing JET Source","org.eclipse.emf.codegen.ui.jet.goto.matching.bracket"
"Source","Toggle Comment","Ctrl+/","Editing JavaScript Source","org.eclipse.wst.jsdt.ui.edit.text.java.toggle.comment"
"Text Editing","Expand","Ctrl+Numpad_Add","Editing Text","org.eclipse.ui.edit.text.folding.expand"
"SAP HANA Development","Activate","Ctrl+F3","SAP HANA Development Context","com.sap.ndb.studio.dwb.team.ui.commands.activate"
"Navigate","Next Sub-Tab","Alt+PageDown","In Dialogs and Windows","org.eclipse.ui.navigate.nextSubTab"
"Edit","Toggle Insert Mode","Ctrl+Shift+Insert","Embedded Xtext Editor context","org.eclipse.ui.edit.text.toggleInsertMode"
"Text Editing","To Upper Case","Ctrl+Shift+X","Embedded Xtext Editor context","org.eclipse.ui.edit.text.upperCase"
"SAP HANA Studio SQL Administration Console","Close","Ctrl+F4","SAP HANA SQL Prepared Parameter Editor","com.sap.ndb.studio.sql.editor.CloseSubWindow"
"Modeler Keys","Open","Ctrl+O","Navigator","com.sap.ndb.studio.modeler.actions.open"
"Search","Declaration in Workspace","Ctrl+G","In Windows","org.eclipse.jdt.ui.edit.text.java.search.declarations.in.workspace"
"Navigate","Open External JSDoc","Shift+F2","JavaScript View","org.eclipse.wst.jsdt.ui.edit.text.java.open.external.javadoc"
"Text Editing","Next Word","Ctrl+Right","Embedded Xtext Editor context","org.eclipse.ui.edit.text.goto.wordNext"
"Run/Debug","Debug JUnit Test","Alt+Shift+D, T","In Windows","org.eclipse.jdt.junit.junitShortcut.debug"
"Edit","Paste","Ctrl+V","Auditing Tab","org.eclipse.ui.edit.paste"
"Editing","Toggle Comment","Ctrl+Shift+C","Editing Xtext Source","org.eclipse.xtext.ui.ToggleCommentAction"
"Run/Debug","Inspect","Ctrl+Shift+I","In Dialogs and Windows","org.eclipse.jdt.debug.ui.commands.Inspect"
"Navigate","Quick Outline","Ctrl+O","Editing in Structured Text Editors","org.eclipse.wst.sse.ui.quick_outline"
"Navigate","Quick Outline","Ctrl+O","Editing JavaScript Source","org.eclipse.wst.jsdt.ui.edit.text.java.show.outline"
"Run/Debug","New Rendering","Ctrl+N","In Memory View","org.eclipse.debug.ui.commands.newRendering"
"Text Editing","Select Line Start","Shift+Home","Embedded Xtext Editor context","org.eclipse.ui.edit.text.select.lineStart"
"Text Editing","Line End","End","Embedded Xtext Editor context","org.eclipse.ui.edit.text.goto.lineEnd"
"Navigate","Open Call Hierarchy","Ctrl+Alt+H","JavaScript View","org.eclipse.wst.jsdt.ui.edit.text.java.open.call.hierarchy"
"Window","Previous Editor","Ctrl+Shift+F6","In Windows","org.eclipse.ui.window.previousEditor"
"Modeler Keys","Move Element in Output Pane (Down)","Ctrl+]","SAP HANA Modeler Editor","com.sap.ndb.studio.bi.uibindings.command.move"
"Project","Build All","Ctrl+B","In Windows","org.eclipse.ui.project.buildAll"
"Search","Show Occurrences in File Quick Menu","Ctrl+Shift+U","JavaScript View","org.eclipse.wst.jsdt.ui.edit.text.java.search.occurrences.in.file.quickMenu"
"Source","Toggle Comment","Ctrl+Shift+C","Editing JavaScript Source","org.eclipse.wst.jsdt.ui.edit.text.java.toggle.comment"
"Modeler Keys","Paste Element in Output pane","Ctrl+V","Output Pane","com.sap.ndb.studio.bi.uibindings.command.pasteElement"
"Navigate","Open Call Hierarchy","Ctrl+Alt+H","In Windows","org.eclipse.jdt.ui.edit.text.java.open.call.hierarchy"
"Text Editing","Toggle Overwrite","Insert","Embedded Xtext Editor context","org.eclipse.ui.edit.text.toggleOverwrite"
"Modeler Keys","Validate","Ctrl+Shift+V","Navigator","com.sap.ndb.studio.navigator.actions.validate"
"SAP HANA Development","Check","Ctrl+F2","SAP HANA Development Context","com.sap.ndb.studio.dwb.team.ui.commands.check"
"Navigate","Expand All","Ctrl+Shift+Numpad_Multiply","In Windows","org.eclipse.ui.navigate.expandAll"
"Navigate","Open Type Hierarchy","F4","JavaScript View","org.eclipse.wst.jsdt.ui.edit.text.java.open.type.hierarchy"
"Editing","Select Previous Element","Alt+Shift+Left","Editing Xtext Source","org.eclipse.xtext.ui.editor.select.previous"
"Source","Add Javadoc Comment","Alt+Shift+J","In Windows","org.eclipse.jdt.ui.edit.text.java.add.javadoc.comment"
"Text Editing","Line Start","Home","Editing Text","org.eclipse.ui.edit.text.goto.lineStart"
"Navigate","Collapse All","Ctrl+Shift+Numpad_Divide","In Windows","org.eclipse.ui.navigate.collapseAll"
"Run/Debug","Debug Java Applet","Alt+Shift+D, A","In Windows","org.eclipse.jdt.debug.ui.javaAppletShortcut.debug"
"JET Refactor Actions","Show Refactor Quick Menu","Alt+Shift+T","Editing JET Source","org.eclipse.codegen.ui.jet.refactor.quickmenu"
"Text Editing","Insert Line Below Current Line","Shift+Enter","Embedded Xtext Editor context","org.eclipse.ui.edit.text.smartEnter"
"Source","Toggle Comment","Ctrl+/","Editing Java Source","org.eclipse.jdt.ui.edit.text.java.toggle.comment"
"Editing","Select Enclosing Element","Alt+Shift+Up","Editing Xtext Source","org.eclipse.xtext.ui.editor.select.enclosing"
"Text Editing","Text Start","Ctrl+Home","Editing Text","org.eclipse.ui.edit.text.goto.textStart"
"Edit","Restore Last Selection","Alt+Shift+Down","Editing Java Source","org.eclipse.jdt.ui.edit.text.java.select.last"
"Text Editing","Line End","End","Editing Text","org.eclipse.ui.edit.text.goto.lineEnd"
"Text Editing","Delete Line","Ctrl+D","Editing Text","org.eclipse.ui.edit.text.delete.line"
"Navigate","Previous Sub-Tab","Alt+PageUp","In Dialogs and Windows","org.eclipse.ui.navigate.previousSubTab"
"SAP HANA Studio SQL Administration Console","Execute","F8","SAP HANA Catalog Editor","com.sap.ndb.studio.sql.action.ExecuteSQL"
"Edit","Copy","Ctrl+C","Auditing Tab","org.eclipse.ui.edit.copy"
"Window","Switch to Editor","Ctrl+Shift+E","In Windows","org.eclipse.ui.window.switchToEditor"
"Source","Annotate Class File","Ctrl+1","Browsing attached Java Source","org.eclipse.jdt.ui.edit.text.java.annotate.classFile"
